id,value
K1,nlp distributed
K2,vision vision
K3,systems networks
K4,nlp systems
K5,optimization vision
K6,security vision
K7,nlp recommender
K8,optimization nlp
K9,nlp mining
K10,learning distributed
K11,mining vision
K12,nlp distributed
K13,learning mining
K14,nlp database
K15,optimization mining
K16,learning mining
K17,networks networks
K18,vision database
K19,recommender recommender
K20,learning security
K21,optimization recommender
K22,optimization learning
K23,database security
K24,security networks
K25,vision nlp
K26,security graph
K27,learning security
K28,security systems
K29,optimization graph
K30,systems security
K31,nlp graph
K32,networks mining
K33,security security
K34,vision optimization
K35,optimization vision
K36,systems learning
K37,nlp learning
K38,mining security
K39,nlp graph
K40,security networks
K41,distributed distributed
K42,security optimization
K43,recommender nlp
K44,recommender systems
K45,vision graph
K46,security systems
K47,systems distributed
K48,graph database
K49,distributed security
K50,recommender nlp
K51,recommender graph
K52,mining security
K53,networks learning
K54,nlp networks
K55,networks security
K56,mining security
K57,mining database
K58,nlp graph
K59,optimization vision
K60,graph networks
K61,learning distributed
K62,database distributed
K63,graph graph
K64,learning learning
K65,graph systems
K66,recommender learning
K67,recommender nlp
K68,distributed database
K69,systems learning
K70,nlp optimization
K71,mining networks
K72,recommender systems
K73,systems optimization
K74,optimization database
K75,recommender mining
K76,database systems
K77,graph mining
K78,systems distributed
K79,security security
K80,optimization learning
K81,database systems
K82,optimization distributed
K83,learning database
K84,optimization mining
K85,distributed systems
K86,database systems
K87,graph networks
K88,vision security
K89,distributed networks
K90,database vision
K91,distributed networks
K92,graph security
K93,nlp database
K94,security networks
K95,distributed nlp
K96,optimization recommender
K97,security recommender
K98,optimization vision
K99,distributed mining
K100,systems vision
K101,nlp nlp
K102,security optimization
K103,systems mining
K104,networks learning
K105,database mining
K106,nlp learning
K107,nlp systems
K108,systems distributed
K109,security networks
K110,graph nlp
K111,networks recommender
K112,nlp learning
K113,networks mining
K114,networks mining
K115,systems optimization
K116,mining vision
K117,graph vision
K118,learning database
K119,learning optimization
K120,security nlp
K121,vision learning
K122,optimization nlp
K123,distributed optimization
K124,nlp nlp
K125,graph database
K126,mining learning
K127,security optimization
K128,learning mining
K129,distributed systems
K130,networks nlp
K131,vision vision
K132,networks security
K133,optimization vision
K134,networks networks
K135,optimization nlp
K136,mining mining
K137,mining learning
K138,database optimization
K139,learning networks
K140,database optimization
K141,vision optimization
K142,recommender learning
K143,learning optimization
K144,nlp mining
K145,optimization systems
K146,vision systems
K147,mining database
K148,learning mining
K149,learning networks
K150,recommender mining
K151,graph optimization
K152,vision recommender
K153,mining graph
K154,graph vision
K155,mining optimization
K156,recommender distributed
K157,nlp database
K158,graph systems
K159,mining nlp
K160,nlp nlp
K161,networks recommender
K162,graph mining
K163,nlp database
K164,database security
K165,nlp database
K166,systems distributed
K167,distributed graph
K168,recommender recommender
K169,systems mining
K170,database learning
K171,database vision
K172,security systems
K173,systems systems
K174,learning vision
K175,security nlp
K176,nlp mining
K177,systems security
K178,mining systems
K179,systems graph
K180,systems optimization
K181,database learning
K182,distributed learning
K183,mining distributed
K184,database recommender
K185,learning recommender
K186,vision database
K187,recommender graph
K188,security nlp
K189,optimization systems
K190,nlp mining
K191,graph learning
K192,mining optimization
K193,mining optimization
K194,nlp database
K195,distributed learning
K196,mining distributed
K197,systems distributed
K198,learning security
K199,database vision
K200,learning distributed
K201,recommender mining
K202,recommender database
K203,graph recommender
K204,mining systems
K205,optimization systems
K206,mining nlp
K207,database nlp
K208,optimization mining
K209,optimization security
K210,mining vision
K211,vision nlp
K212,nlp database
K213,systems graph
K214,security optimization
K215,networks systems
K216,mining graph
K217,database learning
K218,distributed systems
K219,systems graph
K220,distributed mining
K221,systems graph
K222,recommender nlp
K223,vision distributed
K224,nlp mining
K225,recommender systems
K226,security distributed
K227,nlp database
K228,nlp networks
K229,security networks
K230,networks distributed
K231,database recommender
K232,networks security
K233,optimization nlp
K234,mining distributed
K235,security vision
K236,graph nlp
K237,database networks
K238,mining networks
K239,database security
K240,vision graph
K241,distributed vision
K242,nlp security
K243,graph learning
K244,vision networks
K245,systems nlp
K246,distributed nlp
K247,graph learning
K248,mining vision
K249,recommender mining
K250,nlp optimization
K251,nlp database
K252,graph distributed
K253,systems learning
K254,optimization recommender
K255,mining vision
K256,graph vision
K257,security database
K258,learning database
K259,nlp database
K260,distributed recommender
K261,nlp optimization
K262,mining vision
K263,optimization mining
K264,security nlp
K265,nlp learning
K266,nlp vision
K267,recommender security
K268,learning systems
K269,vision optimization
K270,recommender database
K271,mining security
K272,networks vision
K273,mining graph
K274,mining optimization
K275,mining systems
K276,systems distributed
K277,nlp recommender
K278,nlp vision
K279,nlp networks
K280,networks vision
K281,vision security
K282,nlp networks
K283,learning optimization
K284,learning systems
K285,security learning
K286,security graph
K287,networks optimization
K288,nlp optimization
K289,security security
K290,distributed distributed
K291,recommender nlp
K292,graph recommender
K293,vision systems
K294,networks database
K295,nlp database
K296,vision nlp
K297,graph optimization
K298,recommender security
K299,distributed recommender
K300,database nlp
