id,title,year
P1,Paper 1: Networks for Systems,2020
P2,Paper 2: Distributed for Database,2022
P3,Paper 3: Distributed for Vision,2021
P4,Paper 4: Networks for Distributed,2022
P5,Paper 5: Vision for Graph,2023
P6,Paper 6: Database for Learning,2025
P7,Paper 7: Learning for Optimization,2020
P8,Paper 8: Security for Database,2017
P9,Paper 9: Nlp for Recommender,2017
P10,Paper 10: Graph for Graph,2020
P11,Paper 11: Graph for Mining,2021
P12,Paper 12: Networks for Security,2021
P13,Paper 13: Learning for Vision,2018
P14,Paper 14: Systems for Distributed,2022
P15,Paper 15: Recommender for Recommender,2018
P16,Paper 16: Systems for Security,2017
P17,Paper 17: Distributed for Learning,2025
P18,Paper 18: Systems for Recommender,2023
P19,Paper 19: Nlp for Distributed,2019
P20,Paper 20: Nlp for Mining,2020
P21,Paper 21: Nlp for Mining,2016
P22,Paper 22: Recommender for Database,2024
P23,Paper 23: Networks for Systems,2023
P24,Paper 24: Distributed for Security,2020
P25,Paper 25: Nlp for Mining,2020
P26,Paper 26: Security for Nlp,2019
P27,Paper 27: Learning for Security,2017
P28,Paper 28: Networks for Systems,2025
P29,Paper 29: Optimization for Mining,2020
P30,Paper 30: Distributed for Security,2016
P31,Paper 31: Graph for Systems,2020
P32,Paper 32: Systems for Optimization,2016
P33,Paper 33: Mining for Learning,2023
P34,Paper 34: Networks for Learning,2025
P35,Paper 35: Systems for Mining,2019
P36,Paper 36: Distributed for Database,2018
P37,Paper 37: Mining for Nlp,2016
P38,Paper 38: Systems for Networks,2016
P39,Paper 39: Database for Mining,2018
P40,Paper 40: Optimization for Security,2021
P41,Paper 41: Learning for Recommender,2018
P42,Paper 42: Networks for Vision,2024
P43,Paper 43: Mining for Recommender,2024
P44,Paper 44: Nlp for Mining,2020
P45,Paper 45: Database for Nlp,2021
P46,Paper 46: Recommender for Learning,2017
P47,Paper 47: Vision for Networks,2022
P48,Paper 48: Security for Graph,2017
P49,Paper 49: Vision for Database,2020
P50,Paper 50: Networks for Distributed,2023
P51,Paper 51: Systems for Security,2020
P52,Paper 52: Database for Distributed,2021
P53,Paper 53: Nlp for Graph,2019
P54,Paper 54: Vision for Networks,2025
P55,Paper 55: Learning for Distributed,2025
P56,Paper 56: Distributed for Nlp,2017
P57,Paper 57: Distributed for Security,2020
P58,Paper 58: Recommender for Graph,2017
P59,Paper 59: Mining for Nlp,2016
P60,Paper 60: Database for Learning,2017
P61,Paper 61: Recommender for Security,2024
P62,Paper 62: Networks for Distributed,2023
P63,Paper 63: Security for Systems,2024
P64,Paper 64: Security for Distributed,2018
P65,Paper 65: Nlp for Systems,2017
P66,Paper 66: Mining for Graph,2022
P67,Paper 67: Learning for Nlp,2021
P68,Paper 68: Learning for Networks,2023
P69,Paper 69: Distributed for Networks,2017
P70,Paper 70: Distributed for Networks,2024
P71,Paper 71: Security for Mining,2016
P72,Paper 72: Database for Nlp,2019
P73,Paper 73: Distributed for Learning,2017
P74,Paper 74: Graph for Graph,2025
P75,Paper 75: Learning for Recommender,2021
P76,Paper 76: Learning for Database,2025
P77,Paper 77: Learning for Systems,2024
P78,Paper 78: Learning for Networks,2019
P79,Paper 79: Systems for Graph,2018
P80,Paper 80: Recommender for Recommender,2020
P81,Paper 81: Mining for Recommender,2024
P82,Paper 82: Distributed for Graph,2017
P83,Paper 83: Graph for Networks,2018
P84,Paper 84: Systems for Networks,2019
P85,Paper 85: Recommender for Mining,2016
P86,Paper 86: Recommender for Optimization,2016
P87,Paper 87: Vision for Database,2022
P88,Paper 88: Nlp for Nlp,2017
P89,Paper 89: Vision for Systems,2021
P90,Paper 90: Nlp for Vision,2017
P91,Paper 91: Systems for Graph,2019
P92,Paper 92: Mining for Nlp,2024
P93,Paper 93: Graph for Nlp,2016
P94,Paper 94: Security for Distributed,2022
P95,Paper 95: Nlp for Optimization,2017
P96,Paper 96: Database for Database,2023
P97,Paper 97: Systems for Recommender,2021
P98,Paper 98: Recommender for Mining,2017
P99,Paper 99: Distributed for Systems,2025
P100,Paper 100: Optimization for Networks,2024
P101,Paper 101: Systems for Vision,2022
P102,Paper 102: Nlp for Vision,2020
P103,Paper 103: Security for Database,2025
P104,Paper 104: Distributed for Distributed,2017
P105,Paper 105: Optimization for Learning,2024
P106,Paper 106: Nlp for Learning,2022
P107,Paper 107: Networks for Nlp,2022
P108,Paper 108: Security for Optimization,2022
P109,Paper 109: Networks for Security,2017
P110,Paper 110: Distributed for Mining,2021
P111,Paper 111: Recommender for Distributed,2021
P112,Paper 112: Database for Database,2023
P113,Paper 113: Database for Security,2017
P114,Paper 114: Optimization for Optimization,2017
P115,Paper 115: Recommender for Vision,2021
P116,Paper 116: Systems for Vision,2016
P117,Paper 117: Networks for Distributed,2024
P118,Paper 118: Security for Networks,2017
P119,Paper 119: Optimization for Graph,2022
P120,Paper 120: Systems for Mining,2020
P121,Paper 121: Database for Systems,2021
P122,Paper 122: Learning for Recommender,2024
P123,Paper 123: Learning for Database,2023
P124,Paper 124: Vision for Networks,2021
P125,Paper 125: Mining for Systems,2017
P126,Paper 126: Security for Vision,2019
P127,Paper 127: Systems for Distributed,2025
P128,Paper 128: Graph for Systems,2024
P129,Paper 129: Graph for Recommender,2020
P130,Paper 130: Optimization for Mining,2020
P131,Paper 131: Networks for Graph,2021
P132,Paper 132: Recommender for Systems,2018
P133,Paper 133: Database for Recommender,2022
P134,Paper 134: Database for Optimization,2016
P135,Paper 135: Learning for Security,2024
P136,Paper 136: Nlp for Networks,2022
P137,Paper 137: Networks for Mining,2018
P138,Paper 138: Systems for Systems,2021
P139,Paper 139: Graph for Recommender,2017
P140,Paper 140: Systems for Graph,2018
P141,Paper 141: Mining for Nlp,2017
P142,Paper 142: Nlp for Systems,2022
P143,Paper 143: Security for Mining,2023
P144,Paper 144: Vision for Database,2019
P145,Paper 145: Security for Database,2021
P146,Paper 146: Distributed for Distributed,2020
P147,Paper 147: Nlp for Vision,2025
P148,Paper 148: Graph for Learning,2020
P149,Paper 149: Systems for Graph,2022
P150,Paper 150: Learning for Mining,2016
P151,Paper 151: Recommender for Mining,2019
P152,Paper 152: Networks for Database,2020
P153,Paper 153: Nlp for Optimization,2016
P154,Paper 154: Recommender for Recommender,2022
P155,Paper 155: Vision for Optimization,2022
P156,Paper 156: Vision for Vision,2019
P157,Paper 157: Database for Security,2021
P158,Paper 158: Security for Graph,2016
P159,Paper 159: Database for Networks,2023
P160,Paper 160: Security for Systems,2025
P161,Paper 161: Optimization for Distributed,2022
P162,Paper 162: Mining for Database,2022
P163,Paper 163: Graph for Networks,2022
P164,Paper 164: Systems for Nlp,2018
P165,Paper 165: Database for Security,2021
P166,Paper 166: Learning for Security,2017
P167,Paper 167: Security for Vision,2025
P168,Paper 168: Security for Mining,2017
P169,Paper 169: Learning for Networks,2021
P170,Paper 170: Database for Vision,2018
P171,Paper 171: Vision for Vision,2017
P172,Paper 172: Networks for Networks,2019
P173,Paper 173: Learning for Database,2018
P174,Paper 174: Mining for Learning,2018
P175,Paper 175: Systems for Recommender,2018
P176,Paper 176: Recommender for Distributed,2017
P177,Paper 177: Nlp for Systems,2023
P178,Paper 178: Nlp for Distributed,2025
P179,Paper 179: Distributed for Distributed,2025
P180,Paper 180: Networks for Distributed,2025
P181,Paper 181: Recommender for Nlp,2021
P182,Paper 182: Nlp for Nlp,2017
P183,Paper 183: Mining for Systems,2020
P184,Paper 184: Networks for Vision,2016
P185,Paper 185: Mining for Nlp,2017
P186,Paper 186: Graph for Graph,2023
P187,Paper 187: Mining for Database,2021
P188,Paper 188: Systems for Systems,2017
P189,Paper 189: Security for Nlp,2024
P190,Paper 190: Vision for Optimization,2025
P191,Paper 191: Nlp for Systems,2016
P192,Paper 192: Networks for Systems,2019
P193,Paper 193: Vision for Recommender,2023
P194,Paper 194: Nlp for Database,2016
P195,Paper 195: Optimization for Database,2021
P196,Paper 196: Distributed for Recommender,2024
P197,Paper 197: Learning for Optimization,2016
P198,Paper 198: Nlp for Vision,2023
P199,Paper 199: Systems for Recommender,2024
P200,Paper 200: Networks for Mining,2021
P201,Paper 201: Security for Networks,2022
P202,Paper 202: Graph for Distributed,2025
P203,Paper 203: Database for Networks,2021
P204,Paper 204: Vision for Distributed,2017
P205,Paper 205: Mining for Mining,2022
P206,Paper 206: Recommender for Networks,2025
P207,Paper 207: Systems for Distributed,2017
P208,Paper 208: Networks for Mining,2018
P209,Paper 209: Recommender for Systems,2022
P210,Paper 210: Mining for Vision,2017
P211,Paper 211: Distributed for Networks,2022
P212,Paper 212: Distributed for Optimization,2018
P213,Paper 213: Database for Distributed,2024
P214,Paper 214: Vision for Networks,2022
P215,Paper 215: Networks for Mining,2016
P216,Paper 216: Learning for Networks,2018
P217,Paper 217: Learning for Learning,2023
P218,Paper 218: Recommender for Database,2018
P219,Paper 219: Database for Vision,2020
P220,Paper 220: Optimization for Vision,2024
P221,Paper 221: Distributed for Networks,2016
P222,Paper 222: Recommender for Systems,2025
P223,Paper 223: Recommender for Recommender,2022
P224,Paper 224: Optimization for Systems,2018
P225,Paper 225: Optimization for Nlp,2018
P226,Paper 226: Security for Networks,2016
P227,Paper 227: Nlp for Systems,2019
P228,Paper 228: Optimization for Nlp,2020
P229,Paper 229: Vision for Learning,2019
P230,Paper 230: Nlp for Learning,2020
P231,Paper 231: Distributed for Systems,2021
P232,Paper 232: Nlp for Mining,2023
P233,Paper 233: Vision for Vision,2022
P234,Paper 234: Recommender for Learning,2022
P235,Paper 235: Recommender for Mining,2025
P236,Paper 236: Distributed for Nlp,2016
P237,Paper 237: Vision for Database,2021
P238,Paper 238: Database for Mining,2024
P239,Paper 239: Recommender for Mining,2017
P240,Paper 240: Vision for Recommender,2023
P241,Paper 241: Database for Learning,2022
P242,Paper 242: Networks for Graph,2023
P243,Paper 243: Graph for Security,2022
P244,Paper 244: Networks for Learning,2024
P245,Paper 245: Database for Networks,2022
P246,Paper 246: Graph for Networks,2019
P247,Paper 247: Optimization for Distributed,2017
P248,Paper 248: Recommender for Recommender,2021
P249,Paper 249: Mining for Nlp,2016
P250,Paper 250: Optimization for Nlp,2018
P251,Paper 251: Systems for Graph,2023
P252,Paper 252: Graph for Mining,2017
P253,Paper 253: Recommender for Vision,2019
P254,Paper 254: Vision for Security,2025
P255,Paper 255: Mining for Learning,2017
P256,Paper 256: Database for Graph,2020
P257,Paper 257: Security for Distributed,2019
P258,Paper 258: Nlp for Database,2025
P259,Paper 259: Nlp for Systems,2017
P260,Paper 260: Graph for Distributed,2024
P261,Paper 261: Systems for Learning,2024
P262,Paper 262: Mining for Security,2018
P263,Paper 263: Systems for Networks,2016
P264,Paper 264: Systems for Security,2019
P265,Paper 265: Distributed for Distributed,2018
P266,Paper 266: Vision for Networks,2017
P267,Paper 267: Vision for Vision,2017
P268,Paper 268: Vision for Vision,2024
P269,Paper 269: Security for Nlp,2016
P270,Paper 270: Distributed for Security,2016
P271,Paper 271: Mining for Optimization,2021
P272,Paper 272: Networks for Database,2016
P273,Paper 273: Learning for Optimization,2021
P274,Paper 274: Systems for Optimization,2017
P275,Paper 275: Recommender for Graph,2021
P276,Paper 276: Vision for Networks,2021
P277,Paper 277: Distributed for Nlp,2018
P278,Paper 278: Distributed for Recommender,2023
P279,Paper 279: Database for Optimization,2018
P280,Paper 280: Graph for Mining,2023
P281,Paper 281: Graph for Learning,2019
P282,Paper 282: Networks for Mining,2016
P283,Paper 283: Security for Vision,2024
P284,Paper 284: Mining for Graph,2023
P285,Paper 285: Mining for Networks,2019
P286,Paper 286: Distributed for Networks,2016
P287,Paper 287: Database for Networks,2020
P288,Paper 288: Security for Optimization,2022
P289,Paper 289: Security for Networks,2023
P290,Paper 290: Nlp for Optimization,2018
P291,Paper 291: Networks for Vision,2023
P292,Paper 292: Database for Optimization,2020
P293,Paper 293: Database for Security,2022
P294,Paper 294: Recommender for Vision,2025
P295,Paper 295: Networks for Database,2020
P296,Paper 296: Networks for Distributed,2017
P297,Paper 297: Mining for Nlp,2020
P298,Paper 298: Optimization for Security,2025
P299,Paper 299: Optimization for Nlp,2018
P300,Paper 300: Nlp for Graph,2021
P301,Paper 301: Systems for Security,2021
P302,Paper 302: Distributed for Graph,2020
P303,Paper 303: Distributed for Distributed,2017
P304,Paper 304: Networks for Vision,2022
P305,Paper 305: Graph for Recommender,2018
P306,Paper 306: Distributed for Nlp,2025
P307,Paper 307: Recommender for Database,2016
P308,Paper 308: Distributed for Networks,2019
P309,Paper 309: Security for Systems,2021
P310,Paper 310: Systems for Recommender,2016
P311,Paper 311: Networks for Networks,2023
P312,Paper 312: Database for Systems,2023
P313,Paper 313: Vision for Networks,2018
P314,Paper 314: Networks for Distributed,2022
P315,Paper 315: Learning for Database,2020
P316,Paper 316: Optimization for Recommender,2016
P317,Paper 317: Vision for Security,2023
P318,Paper 318: Database for Mining,2024
P319,Paper 319: Optimization for Nlp,2020
P320,Paper 320: Systems for Mining,2019
P321,Paper 321: Learning for Database,2023
P322,Paper 322: Database for Nlp,2018
P323,Paper 323: Optimization for Nlp,2018
P324,Paper 324: Distributed for Networks,2017
P325,Paper 325: Optimization for Database,2021
P326,Paper 326: Vision for Mining,2024
P327,Paper 327: Recommender for Optimization,2020
P328,Paper 328: Networks for Vision,2018
P329,Paper 329: Database for Learning,2019
P330,Paper 330: Learning for Nlp,2018
P331,Paper 331: Networks for Vision,2016
P332,Paper 332: Networks for Nlp,2025
P333,Paper 333: Recommender for Systems,2024
P334,Paper 334: Database for Mining,2017
P335,Paper 335: Optimization for Optimization,2022
P336,Paper 336: Vision for Security,2023
P337,Paper 337: Systems for Database,2022
P338,Paper 338: Networks for Distributed,2018
P339,Paper 339: Nlp for Nlp,2017
P340,Paper 340: Networks for Recommender,2024
P341,Paper 341: Distributed for Systems,2024
P342,Paper 342: Recommender for Security,2018
P343,Paper 343: Graph for Database,2024
P344,Paper 344: Recommender for Mining,2024
P345,Paper 345: Recommender for Networks,2018
P346,Paper 346: Networks for Vision,2019
P347,Paper 347: Database for Mining,2020
P348,Paper 348: Distributed for Vision,2019
P349,Paper 349: Recommender for Distributed,2020
P350,Paper 350: Systems for Vision,2020
P351,Paper 351: Vision for Distributed,2017
P352,Paper 352: Systems for Systems,2018
P353,Paper 353: Recommender for Distributed,2018
P354,Paper 354: Optimization for Systems,2025
P355,Paper 355: Systems for Graph,2021
P356,Paper 356: Database for Graph,2016
P357,Paper 357: Mining for Distributed,2025
P358,Paper 358: Systems for Security,2019
P359,Paper 359: Distributed for Graph,2025
P360,Paper 360: Distributed for Vision,2023
P361,Paper 361: Distributed for Mining,2020
P362,Paper 362: Learning for Distributed,2023
P363,Paper 363: Mining for Nlp,2022
P364,Paper 364: Optimization for Graph,2017
P365,Paper 365: Nlp for Security,2018
P366,Paper 366: Nlp for Learning,2023
P367,Paper 367: Systems for Recommender,2021
P368,Paper 368: Optimization for Networks,2021
P369,Paper 369: Security for Recommender,2021
P370,Paper 370: Vision for Vision,2021
P371,Paper 371: Networks for Learning,2017
P372,Paper 372: Database for Mining,2023
P373,Paper 373: Learning for Recommender,2023
P374,Paper 374: Graph for Mining,2017
P375,Paper 375: Systems for Security,2022
P376,Paper 376: Recommender for Networks,2019
P377,Paper 377: Optimization for Networks,2025
P378,Paper 378: Recommender for Nlp,2019
P379,Paper 379: Nlp for Nlp,2024
P380,Paper 380: Nlp for Graph,2020
P381,Paper 381: Security for Vision,2017
P382,Paper 382: Learning for Learning,2023
P383,Paper 383: Networks for Graph,2025
P384,Paper 384: Mining for Nlp,2016
P385,Paper 385: Distributed for Distributed,2025
P386,Paper 386: Mining for Vision,2023
P387,Paper 387: Database for Security,2016
P388,Paper 388: Mining for Optimization,2018
P389,Paper 389: Security for Networks,2021
P390,Paper 390: Security for Graph,2016
P391,Paper 391: Vision for Learning,2025
P392,Paper 392: Vision for Mining,2021
P393,Paper 393: Security for Vision,2017
P394,Paper 394: Vision for Mining,2023
P395,Paper 395: Distributed for Systems,2025
P396,Paper 396: Recommender for Database,2017
P397,Paper 397: Networks for Networks,2022
P398,Paper 398: Networks for Recommender,2024
P399,Paper 399: Systems for Vision,2019
P400,Paper 400: Vision for Graph,2022
P401,Paper 401: Graph for Recommender,2016
P402,Paper 402: Nlp for Vision,2021
P403,Paper 403: Recommender for Systems,2023
P404,Paper 404: Recommender for Networks,2024
P405,Paper 405: Networks for Recommender,2025
P406,Paper 406: Systems for Optimization,2022
P407,Paper 407: Systems for Networks,2020
P408,Paper 408: Vision for Vision,2024
P409,Paper 409: Optimization for Systems,2023
P410,Paper 410: Nlp for Graph,2020
P411,Paper 411: Networks for Distributed,2021
P412,Paper 412: Security for Systems,2017
P413,Paper 413: Optimization for Optimization,2020
P414,Paper 414: Systems for Nlp,2016
P415,Paper 415: Distributed for Systems,2020
P416,Paper 416: Learning for Optimization,2025
P417,Paper 417: Systems for Nlp,2016
P418,Paper 418: Vision for Distributed,2018
P419,Paper 419: Security for Recommender,2025
P420,Paper 420: Graph for Systems,2019
P421,Paper 421: Learning for Graph,2017
P422,Paper 422: Networks for Security,2023
P423,Paper 423: Security for Optimization,2018
P424,Paper 424: Security for Vision,2019
P425,Paper 425: Nlp for Optimization,2025
P426,Paper 426: Optimization for Recommender,2016
P427,Paper 427: Learning for Vision,2024
P428,Paper 428: Distributed for Nlp,2021
P429,Paper 429: Security for Networks,2024
P430,Paper 430: Nlp for Vision,2018
P431,Paper 431: Vision for Networks,2021
P432,Paper 432: Systems for Nlp,2020
P433,Paper 433: Learning for Mining,2019
P434,Paper 434: Mining for Learning,2024
P435,Paper 435: Mining for Optimization,2020
P436,Paper 436: Optimization for Optimization,2019
P437,Paper 437: Networks for Nlp,2023
P438,Paper 438: Vision for Optimization,2021
P439,Paper 439: Mining for Database,2020
P440,Paper 440: Distributed for Vision,2025
P441,Paper 441: Security for Networks,2022
P442,Paper 442: Mining for Graph,2018
P443,Paper 443: Optimization for Database,2020
P444,Paper 444: Nlp for Distributed,2021
P445,Paper 445: Optimization for Nlp,2020
P446,Paper 446: Learning for Vision,2019
P447,Paper 447: Vision for Optimization,2020
P448,Paper 448: Recommender for Database,2020
P449,Paper 449: Optimization for Systems,2025
P450,Paper 450: Learning for Graph,2019
P451,Paper 451: Learning for Distributed,2024
P452,Paper 452: Graph for Database,2019
P453,Paper 453: Networks for Optimization,2022
P454,Paper 454: Database for Distributed,2023
P455,Paper 455: Graph for Vision,2018
P456,Paper 456: Security for Distributed,2018
P457,Paper 457: Nlp for Distributed,2023
P458,Paper 458: Mining for Networks,2019
P459,Paper 459: Distributed for Graph,2020
P460,Paper 460: Distributed for Systems,2017
P461,Paper 461: Vision for Optimization,2019
P462,Paper 462: Recommender for Security,2016
P463,Paper 463: Graph for Security,2018
P464,Paper 464: Recommender for Optimization,2023
P465,Paper 465: Graph for Graph,2020
P466,Paper 466: Systems for Systems,2020
P467,Paper 467: Networks for Mining,2017
P468,Paper 468: Distributed for Vision,2023
P469,Paper 469: Nlp for Recommender,2024
P470,Paper 470: Nlp for Mining,2024
P471,Paper 471: Database for Networks,2019
P472,Paper 472: Optimization for Nlp,2018
P473,Paper 473: Optimization for Recommender,2020
P474,Paper 474: Optimization for Networks,2016
P475,Paper 475: Systems for Distributed,2020
P476,Paper 476: Recommender for Systems,2019
P477,Paper 477: Security for Vision,2022
P478,Paper 478: Database for Security,2021
P479,Paper 479: Recommender for Recommender,2017
P480,Paper 480: Networks for Learning,2023
P481,Paper 481: Mining for Security,2016
P482,Paper 482: Nlp for Mining,2019
P483,Paper 483: Mining for Systems,2021
P484,Paper 484: Graph for Mining,2025
P485,Paper 485: Optimization for Learning,2021
P486,Paper 486: Distributed for Database,2016
P487,Paper 487: Mining for Recommender,2023
P488,Paper 488: Distributed for Vision,2022
P489,Paper 489: Optimization for Database,2020
P490,Paper 490: Networks for Systems,2020
P491,Paper 491: Learning for Recommender,2019
P492,Paper 492: Recommender for Nlp,2023
P493,Paper 493: Networks for Security,2025
P494,Paper 494: Nlp for Vision,2024
P495,Paper 495: Learning for Distributed,2019
P496,Paper 496: Database for Vision,2025
P497,Paper 497: Vision for Optimization,2023
P498,Paper 498: Database for Systems,2021
P499,Paper 499: Graph for Vision,2017
P500,Paper 500: Learning for Systems,2024
P501,Paper 501: Recommender for Recommender,2024
P502,Paper 502: Vision for Nlp,2021
P503,Paper 503: Distributed for Learning,2017
P504,Paper 504: Nlp for Database,2025
P505,Paper 505: Nlp for Graph,2024
P506,Paper 506: Recommender for Vision,2023
P507,Paper 507: Nlp for Systems,2022
P508,Paper 508: Vision for Nlp,2016
P509,Paper 509: Optimization for Graph,2020
P510,Paper 510: Mining for Graph,2022
P511,Paper 511: Systems for Database,2019
P512,Paper 512: Security for Networks,2016
P513,Paper 513: Vision for Graph,2017
P514,Paper 514: Nlp for Graph,2017
P515,Paper 515: Security for Recommender,2020
P516,Paper 516: Distributed for Optimization,2018
P517,Paper 517: Networks for Security,2022
P518,Paper 518: Security for Security,2023
P519,Paper 519: Distributed for Distributed,2017
P520,Paper 520: Recommender for Distributed,2024
P521,Paper 521: Database for Recommender,2021
P522,Paper 522: Security for Vision,2024
P523,Paper 523: Optimization for Learning,2018
P524,Paper 524: Graph for Mining,2016
P525,Paper 525: Distributed for Optimization,2023
P526,Paper 526: Security for Vision,2024
P527,Paper 527: Learning for Learning,2022
P528,Paper 528: Networks for Recommender,2023
P529,Paper 529: Learning for Optimization,2020
P530,Paper 530: Graph for Distributed,2017
P531,Paper 531: Systems for Graph,2022
P532,Paper 532: Learning for Database,2019
P533,Paper 533: Systems for Graph,2017
P534,Paper 534: Systems for Distributed,2023
P535,Paper 535: Learning for Optimization,2016
P536,Paper 536: Security for Nlp,2016
P537,Paper 537: Vision for Learning,2019
P538,Paper 538: Recommender for Vision,2016
P539,Paper 539: Learning for Optimization,2020
P540,Paper 540: Networks for Systems,2025
P541,Paper 541: Distributed for Networks,2025
P542,Paper 542: Mining for Recommender,2019
P543,Paper 543: Learning for Security,2024
P544,Paper 544: Mining for Graph,2020
P545,Paper 545: Systems for Optimization,2024
P546,Paper 546: Distributed for Distributed,2018
P547,Paper 547: Vision for Nlp,2022
P548,Paper 548: Networks for Distributed,2016
P549,Paper 549: Vision for Networks,2022
P550,Paper 550: Security for Recommender,2022
P551,Paper 551: Security for Recommender,2020
P552,Paper 552: Nlp for Learning,2024
P553,Paper 553: Mining for Optimization,2019
P554,Paper 554: Nlp for Graph,2018
P555,Paper 555: Security for Security,2024
P556,Paper 556: Vision for Recommender,2024
P557,Paper 557: Learning for Mining,2022
P558,Paper 558: Networks for Distributed,2019
P559,Paper 559: Nlp for Networks,2017
P560,Paper 560: Vision for Optimization,2017
P561,Paper 561: Graph for Mining,2019
P562,Paper 562: Distributed for Systems,2022
P563,Paper 563: Graph for Database,2025
P564,Paper 564: Systems for Optimization,2019
P565,Paper 565: Learning for Nlp,2024
P566,Paper 566: Networks for Mining,2019
P567,Paper 567: Learning for Learning,2016
P568,Paper 568: Optimization for Nlp,2017
P569,Paper 569: Optimization for Systems,2019
P570,Paper 570: Security for Learning,2019
P571,Paper 571: Networks for Mining,2024
P572,Paper 572: Nlp for Vision,2022
P573,Paper 573: Mining for Mining,2021
P574,Paper 574: Vision for Nlp,2021
P575,Paper 575: Database for Optimization,2023
P576,Paper 576: Networks for Learning,2023
P577,Paper 577: Networks for Security,2021
P578,Paper 578: Systems for Learning,2016
P579,Paper 579: Graph for Mining,2018
P580,Paper 580: Systems for Systems,2024
P581,Paper 581: Mining for Recommender,2022
P582,Paper 582: Networks for Learning,2019
P583,Paper 583: Systems for Learning,2022
P584,Paper 584: Vision for Distributed,2023
P585,Paper 585: Mining for Nlp,2021
P586,Paper 586: Nlp for Recommender,2023
P587,Paper 587: Recommender for Recommender,2021
P588,Paper 588: Nlp for Recommender,2024
P589,Paper 589: Distributed for Graph,2024
P590,Paper 590: Graph for Database,2024
P591,Paper 591: Graph for Security,2016
P592,Paper 592: Distributed for Learning,2018
P593,Paper 593: Optimization for Recommender,2017
P594,Paper 594: Learning for Vision,2016
P595,Paper 595: Networks for Graph,2023
P596,Paper 596: Distributed for Distributed,2025
P597,Paper 597: Nlp for Distributed,2025
P598,Paper 598: Graph for Graph,2023
P599,Paper 599: Vision for Security,2024
P600,Paper 600: Graph for Vision,2016
P601,Paper 601: Vision for Mining,2020
P602,Paper 602: Vision for Optimization,2016
P603,Paper 603: Recommender for Database,2022
P604,Paper 604: Vision for Recommender,2017
P605,Paper 605: Learning for Systems,2019
P606,Paper 606: Mining for Networks,2024
P607,Paper 607: Security for Database,2020
P608,Paper 608: Security for Nlp,2021
P609,Paper 609: Learning for Optimization,2025
P610,Paper 610: Mining for Distributed,2019
P611,Paper 611: Distributed for Distributed,2017
P612,Paper 612: Database for Security,2016
P613,Paper 613: Security for Vision,2022
P614,Paper 614: Graph for Distributed,2023
P615,Paper 615: Optimization for Recommender,2016
P616,Paper 616: Nlp for Security,2017
P617,Paper 617: Systems for Database,2021
P618,Paper 618: Graph for Learning,2024
P619,Paper 619: Optimization for Systems,2019
P620,Paper 620: Mining for Graph,2023
P621,Paper 621: Distributed for Mining,2017
P622,Paper 622: Systems for Distributed,2024
P623,Paper 623: Recommender for Networks,2016
P624,Paper 624: Learning for Systems,2016
P625,Paper 625: Optimization for Security,2018
P626,Paper 626: Mining for Recommender,2017
P627,Paper 627: Learning for Systems,2025
P628,Paper 628: Distributed for Vision,2022
P629,Paper 629: Security for Optimization,2021
P630,Paper 630: Optimization for Optimization,2018
P631,Paper 631: Vision for Optimization,2017
P632,Paper 632: Graph for Database,2021
P633,Paper 633: Learning for Database,2022
P634,Paper 634: Systems for Systems,2021
P635,Paper 635: Security for Networks,2025
P636,Paper 636: Distributed for Mining,2016
P637,Paper 637: Nlp for Learning,2023
P638,Paper 638: Vision for Security,2021
P639,Paper 639: Recommender for Distributed,2022
P640,Paper 640: Distributed for Security,2025
P641,Paper 641: Systems for Mining,2017
P642,Paper 642: Optimization for Database,2019
P643,Paper 643: Mining for Recommender,2017
P644,Paper 644: Optimization for Distributed,2022
P645,Paper 645: Optimization for Security,2018
P646,Paper 646: Networks for Database,2021
P647,Paper 647: Graph for Mining,2017
P648,Paper 648: Networks for Mining,2023
P649,Paper 649: Recommender for Database,2017
P650,Paper 650: Security for Nlp,2018
P651,Paper 651: Vision for Vision,2024
P652,Paper 652: Database for Graph,2022
P653,Paper 653: Networks for Vision,2017
P654,Paper 654: Systems for Systems,2017
P655,Paper 655: Security for Graph,2021
P656,Paper 656: Security for Security,2020
P657,Paper 657: Optimization for Vision,2017
P658,Paper 658: Systems for Vision,2019
P659,Paper 659: Distributed for Security,2018
P660,Paper 660: Recommender for Mining,2018
P661,Paper 661: Mining for Nlp,2020
P662,Paper 662: Database for Recommender,2018
P663,Paper 663: Mining for Security,2022
P664,Paper 664: Nlp for Database,2020
P665,Paper 665: Mining for Learning,2021
P666,Paper 666: Systems for Systems,2023
P667,Paper 667: Nlp for Database,2019
P668,Paper 668: Mining for Graph,2018
P669,Paper 669: Networks for Systems,2022
P670,Paper 670: Networks for Nlp,2022
P671,Paper 671: Security for Distributed,2021
P672,Paper 672: Recommender for Mining,2025
P673,Paper 673: Systems for Optimization,2021
P674,Paper 674: Nlp for Networks,2019
P675,Paper 675: Security for Networks,2018
P676,Paper 676: Optimization for Optimization,2020
P677,Paper 677: Systems for Learning,2023
P678,Paper 678: Security for Mining,2021
P679,Paper 679: Networks for Database,2022
P680,Paper 680: Learning for Systems,2025
P681,Paper 681: Recommender for Distributed,2024
P682,Paper 682: Graph for Optimization,2024
P683,Paper 683: Optimization for Learning,2023
P684,Paper 684: Mining for Optimization,2023
P685,Paper 685: Security for Distributed,2017
P686,Paper 686: Recommender for Distributed,2023
P687,Paper 687: Learning for Mining,2020
P688,Paper 688: Optimization for Security,2018
P689,Paper 689: Database for Nlp,2022
P690,Paper 690: Nlp for Systems,2025
P691,Paper 691: Vision for Vision,2022
P692,Paper 692: Vision for Graph,2022
P693,Paper 693: Optimization for Vision,2021
P694,Paper 694: Distributed for Database,2025
P695,Paper 695: Learning for Distributed,2017
P696,Paper 696: Recommender for Distributed,2021
P697,Paper 697: Graph for Systems,2025
P698,Paper 698: Networks for Security,2022
P699,Paper 699: Graph for Database,2017
P700,Paper 700: Learning for Vision,2020
P701,Paper 701: Vision for Systems,2024
P702,Paper 702: Learning for Nlp,2025
P703,Paper 703: Security for Nlp,2021
P704,Paper 704: Optimization for Vision,2025
P705,Paper 705: Networks for Graph,2018
P706,Paper 706: Database for Mining,2023
P707,Paper 707: Database for Database,2022
P708,Paper 708: Networks for Mining,2018
P709,Paper 709: Nlp for Learning,2021
P710,Paper 710: Nlp for Networks,2024
P711,Paper 711: Database for Nlp,2023
P712,Paper 712: Networks for Database,2023
P713,Paper 713: Graph for Optimization,2020
P714,Paper 714: Graph for Networks,2017
P715,Paper 715: Distributed for Recommender,2017
P716,Paper 716: Vision for Recommender,2019
P717,Paper 717: Recommender for Networks,2024
P718,Paper 718: Security for Nlp,2024
P719,Paper 719: Security for Distributed,2019
P720,Paper 720: Recommender for Distributed,2018
P721,Paper 721: Security for Graph,2022
P722,Paper 722: Learning for Nlp,2025
P723,Paper 723: Security for Security,2025
P724,Paper 724: Optimization for Learning,2016
P725,Paper 725: Mining for Optimization,2019
P726,Paper 726: Systems for Database,2017
P727,Paper 727: Recommender for Networks,2024
P728,Paper 728: Learning for Nlp,2021
P729,Paper 729: Mining for Distributed,2017
P730,Paper 730: Vision for Distributed,2023
P731,Paper 731: Systems for Security,2021
P732,Paper 732: Security for Systems,2025
P733,Paper 733: Networks for Networks,2017
P734,Paper 734: Systems for Recommender,2023
P735,Paper 735: Systems for Systems,2020
P736,Paper 736: Distributed for Recommender,2017
P737,Paper 737: Database for Learning,2021
P738,Paper 738: Database for Recommender,2020
P739,Paper 739: Optimization for Recommender,2021
P740,Paper 740: Security for Security,2024
P741,Paper 741: Recommender for Systems,2025
P742,Paper 742: Security for Recommender,2022
P743,Paper 743: Distributed for Vision,2023
P744,Paper 744: Vision for Recommender,2018
P745,Paper 745: Mining for Recommender,2023
P746,Paper 746: Networks for Nlp,2018
P747,Paper 747: Graph for Networks,2025
P748,Paper 748: Nlp for Recommender,2016
P749,Paper 749: Security for Vision,2019
P750,Paper 750: Distributed for Nlp,2024
P751,Paper 751: Distributed for Nlp,2022
P752,Paper 752: Optimization for Nlp,2022
P753,Paper 753: Recommender for Database,2023
P754,Paper 754: Graph for Learning,2025
P755,Paper 755: Graph for Mining,2020
P756,Paper 756: Vision for Mining,2019
P757,Paper 757: Nlp for Systems,2018
P758,Paper 758: Vision for Vision,2023
P759,Paper 759: Systems for Database,2017
P760,Paper 760: Vision for Networks,2020
P761,Paper 761: Graph for Optimization,2024
P762,Paper 762: Vision for Learning,2023
P763,Paper 763: Database for Optimization,2022
P764,Paper 764: Mining for Graph,2019
P765,Paper 765: Mining for Networks,2023
P766,Paper 766: Nlp for Database,2017
P767,Paper 767: Learning for Optimization,2019
P768,Paper 768: Optimization for Networks,2025
P769,Paper 769: Distributed for Security,2025
P770,Paper 770: Systems for Recommender,2018
P771,Paper 771: Learning for Graph,2019
P772,Paper 772: Networks for Vision,2025
P773,Paper 773: Systems for Vision,2020
P774,Paper 774: Networks for Optimization,2018
P775,Paper 775: Mining for Systems,2020
P776,Paper 776: Vision for Distributed,2020
P777,Paper 777: Recommender for Security,2017
P778,Paper 778: Mining for Distributed,2016
P779,Paper 779: Optimization for Recommender,2018
P780,Paper 780: Recommender for Optimization,2019
P781,Paper 781: Learning for Distributed,2021
P782,Paper 782: Nlp for Recommender,2022
P783,Paper 783: Distributed for Mining,2025
P784,Paper 784: Security for Nlp,2022
P785,Paper 785: Distributed for Database,2017
P786,Paper 786: Vision for Optimization,2022
P787,Paper 787: Optimization for Networks,2020
P788,Paper 788: Nlp for Networks,2023
P789,Paper 789: Graph for Optimization,2025
P790,Paper 790: Optimization for Nlp,2017
P791,Paper 791: Database for Vision,2021
P792,Paper 792: Learning for Security,2022
P793,Paper 793: Nlp for Mining,2019
P794,Paper 794: Mining for Networks,2021
P795,Paper 795: Systems for Recommender,2024
P796,Paper 796: Nlp for Networks,2025
P797,Paper 797: Graph for Database,2016
P798,Paper 798: Graph for Database,2023
P799,Paper 799: Nlp for Nlp,2018
P800,Paper 800: Security for Learning,2016
P801,Paper 801: Distributed for Mining,2018
P802,Paper 802: Mining for Database,2018
P803,Paper 803: Mining for Database,2021
P804,Paper 804: Distributed for Distributed,2021
P805,Paper 805: Graph for Security,2018
P806,Paper 806: Optimization for Optimization,2020
P807,Paper 807: Security for Distributed,2019
P808,Paper 808: Optimization for Database,2017
P809,Paper 809: Learning for Nlp,2016
P810,Paper 810: Recommender for Systems,2017
P811,Paper 811: Vision for Distributed,2019
P812,Paper 812: Graph for Graph,2023
P813,Paper 813: Database for Security,2021
P814,Paper 814: Nlp for Database,2018
P815,Paper 815: Security for Database,2019
P816,Paper 816: Database for Networks,2017
P817,Paper 817: Mining for Recommender,2021
P818,Paper 818: Recommender for Distributed,2022
P819,Paper 819: Database for Vision,2018
P820,Paper 820: Graph for Systems,2025
P821,Paper 821: Nlp for Networks,2018
P822,Paper 822: Distributed for Optimization,2019
P823,Paper 823: Security for Systems,2018
P824,Paper 824: Learning for Database,2023
P825,Paper 825: Recommender for Database,2017
P826,Paper 826: Optimization for Security,2025
P827,Paper 827: Security for Networks,2021
P828,Paper 828: Learning for Mining,2018
P829,Paper 829: Learning for Vision,2017
P830,Paper 830: Systems for Optimization,2025
P831,Paper 831: Mining for Optimization,2025
P832,Paper 832: Distributed for Mining,2016
P833,Paper 833: Vision for Systems,2019
P834,Paper 834: Learning for Optimization,2024
P835,Paper 835: Mining for Distributed,2022
P836,Paper 836: Learning for Nlp,2016
P837,Paper 837: Database for Learning,2022
P838,Paper 838: Distributed for Systems,2023
P839,Paper 839: Vision for Graph,2017
P840,Paper 840: Networks for Recommender,2021
P841,Paper 841: Systems for Security,2022
P842,Paper 842: Vision for Distributed,2021
P843,Paper 843: Nlp for Database,2018
P844,Paper 844: Systems for Database,2016
P845,Paper 845: Mining for Learning,2016
P846,Paper 846: Graph for Security,2016
P847,Paper 847: Mining for Distributed,2024
P848,Paper 848: Security for Security,2024
P849,Paper 849: Database for Distributed,2022
P850,Paper 850: Vision for Systems,2024
P851,Paper 851: Mining for Database,2018
P852,Paper 852: Database for Vision,2020
P853,Paper 853: Recommender for Vision,2019
P854,Paper 854: Security for Systems,2021
P855,Paper 855: Mining for Optimization,2017
P856,Paper 856: Optimization for Learning,2022
P857,Paper 857: Learning for Database,2016
P858,Paper 858: Database for Nlp,2022
P859,Paper 859: Systems for Graph,2025
P860,Paper 860: Distributed for Optimization,2020
P861,Paper 861: Database for Graph,2018
P862,Paper 862: Optimization for Graph,2018
P863,Paper 863: Nlp for Networks,2018
P864,Paper 864: Vision for Optimization,2024
P865,Paper 865: Recommender for Networks,2020
P866,Paper 866: Optimization for Mining,2018
P867,Paper 867: Graph for Networks,2017
P868,Paper 868: Mining for Vision,2022
P869,Paper 869: Mining for Optimization,2017
P870,Paper 870: Distributed for Database,2025
P871,Paper 871: Nlp for Vision,2023
P872,Paper 872: Graph for Nlp,2021
P873,Paper 873: Recommender for Networks,2025
P874,Paper 874: Mining for Database,2018
P875,Paper 875: Distributed for Optimization,2025
P876,Paper 876: Learning for Optimization,2017
P877,Paper 877: Graph for Graph,2024
P878,Paper 878: Learning for Graph,2016
P879,Paper 879: Networks for Security,2023
P880,Paper 880: Recommender for Graph,2018
P881,Paper 881: Optimization for Optimization,2024
P882,Paper 882: Learning for Networks,2022
P883,Paper 883: Security for Optimization,2019
P884,Paper 884: Mining for Database,2021
P885,Paper 885: Networks for Database,2025
P886,Paper 886: Distributed for Graph,2024
P887,Paper 887: Learning for Vision,2018
P888,Paper 888: Security for Database,2016
P889,Paper 889: Mining for Mining,2023
P890,Paper 890: Database for Vision,2021
P891,Paper 891: Graph for Networks,2023
P892,Paper 892: Mining for Systems,2019
P893,Paper 893: Optimization for Systems,2020
P894,Paper 894: Nlp for Networks,2019
P895,Paper 895: Nlp for Learning,2025
P896,Paper 896: Learning for Recommender,2024
P897,Paper 897: Security for Graph,2016
P898,Paper 898: Vision for Networks,2019
P899,Paper 899: Networks for Graph,2016
P900,Paper 900: Optimization for Optimization,2022
P901,Paper 901: Database for Learning,2020
P902,Paper 902: Learning for Security,2024
P903,Paper 903: Graph for Recommender,2023
P904,Paper 904: Database for Graph,2020
P905,Paper 905: Vision for Security,2019
P906,Paper 906: Nlp for Optimization,2021
P907,Paper 907: Systems for Database,2017
P908,Paper 908: Recommender for Distributed,2024
P909,Paper 909: Database for Systems,2022
P910,Paper 910: Graph for Security,2025
P911,Paper 911: Learning for Mining,2018
P912,Paper 912: Networks for Security,2020
P913,Paper 913: Networks for Nlp,2021
P914,Paper 914: Learning for Database,2020
P915,Paper 915: Recommender for Systems,2019
P916,Paper 916: Recommender for Database,2017
P917,Paper 917: Nlp for Nlp,2018
P918,Paper 918: Security for Database,2021
P919,Paper 919: Networks for Learning,2024
P920,Paper 920: Mining for Nlp,2023
P921,Paper 921: Database for Database,2020
P922,Paper 922: Distributed for Mining,2018
P923,Paper 923: Graph for Learning,2025
P924,Paper 924: Recommender for Database,2021
P925,Paper 925: Networks for Security,2019
P926,Paper 926: Graph for Distributed,2024
P927,Paper 927: Mining for Recommender,2020
P928,Paper 928: Security for Nlp,2016
P929,Paper 929: Optimization for Vision,2024
P930,Paper 930: Database for Nlp,2019
P931,Paper 931: Recommender for Database,2017
P932,Paper 932: Graph for Learning,2016
P933,Paper 933: Learning for Security,2018
P934,Paper 934: Distributed for Distributed,2021
P935,Paper 935: Systems for Systems,2017
P936,Paper 936: Database for Graph,2020
P937,Paper 937: Learning for Distributed,2017
P938,Paper 938: Recommender for Database,2023
P939,Paper 939: Database for Graph,2021
P940,Paper 940: Graph for Recommender,2023
P941,Paper 941: Security for Optimization,2025
P942,Paper 942: Nlp for Graph,2022
P943,Paper 943: Distributed for Security,2022
P944,Paper 944: Networks for Learning,2018
P945,Paper 945: Mining for Mining,2018
P946,Paper 946: Recommender for Graph,2023
P947,Paper 947: Systems for Systems,2025
P948,Paper 948: Distributed for Mining,2019
P949,Paper 949: Security for Vision,2023
P950,Paper 950: Graph for Database,2023
P951,Paper 951: Security for Recommender,2020
P952,Paper 952: Learning for Distributed,2022
P953,Paper 953: Learning for Distributed,2024
P954,Paper 954: Graph for Security,2024
P955,Paper 955: Nlp for Vision,2021
P956,Paper 956: Networks for Systems,2023
P957,Paper 957: Networks for Security,2024
P958,Paper 958: Recommender for Graph,2020
P959,Paper 959: Systems for Learning,2021
P960,Paper 960: Mining for Graph,2016
P961,Paper 961: Vision for Networks,2023
P962,Paper 962: Learning for Recommender,2025
P963,Paper 963: Learning for Distributed,2017
P964,Paper 964: Mining for Vision,2019
P965,Paper 965: Learning for Systems,2016
P966,Paper 966: Networks for Recommender,2022
P967,Paper 967: Learning for Systems,2018
P968,Paper 968: Optimization for Optimization,2021
P969,Paper 969: Systems for Graph,2021
P970,Paper 970: Systems for Systems,2021
P971,Paper 971: Systems for Learning,2018
P972,Paper 972: Vision for Mining,2023
P973,Paper 973: Nlp for Graph,2018
P974,Paper 974: Graph for Learning,2017
P975,Paper 975: Learning for Graph,2025
P976,Paper 976: Nlp for Graph,2024
P977,Paper 977: Systems for Learning,2021
P978,Paper 978: Networks for Optimization,2018
P979,Paper 979: Networks for Graph,2018
P980,Paper 980: Recommender for Systems,2016
P981,Paper 981: Database for Vision,2018
P982,Paper 982: Database for Networks,2021
P983,Paper 983: Systems for Database,2022
P984,Paper 984: Mining for Networks,2021
P985,Paper 985: Recommender for Optimization,2018
P986,Paper 986: Distributed for Nlp,2022
P987,Paper 987: Recommender for Optimization,2021
P988,Paper 988: Optimization for Systems,2024
P989,Paper 989: Learning for Distributed,2021
P990,Paper 990: Recommender for Security,2025
P991,Paper 991: Optimization for Optimization,2020
P992,Paper 992: Recommender for Recommender,2020
P993,Paper 993: Optimization for Systems,2016
P994,Paper 994: Systems for Graph,2022
P995,Paper 995: Systems for Networks,2018
P996,Paper 996: Learning for Distributed,2025
P997,Paper 997: Database for Nlp,2025
P998,Paper 998: Networks for Optimization,2018
P999,Paper 999: Learning for Networks,2017
P1000,Paper 1000: Recommender for Distributed,2021
P1001,Paper 1001: Optimization for Distributed,2017
P1002,Paper 1002: Nlp for Graph,2021
P1003,Paper 1003: Learning for Learning,2020
P1004,Paper 1004: Networks for Mining,2017
P1005,Paper 1005: Optimization for Graph,2017
P1006,Paper 1006: Security for Nlp,2016
P1007,Paper 1007: Recommender for Security,2022
P1008,Paper 1008: Security for Networks,2023
P1009,Paper 1009: Security for Database,2024
P1010,Paper 1010: Systems for Distributed,2023
P1011,Paper 1011: Recommender for Nlp,2019
P1012,Paper 1012: Graph for Mining,2017
P1013,Paper 1013: Networks for Mining,2016
P1014,Paper 1014: Database for Networks,2017
P1015,Paper 1015: Security for Recommender,2018
P1016,Paper 1016: Vision for Database,2017
P1017,Paper 1017: Systems for Systems,2021
P1018,Paper 1018: Optimization for Graph,2023
P1019,Paper 1019: Distributed for Recommender,2022
P1020,Paper 1020: Security for Recommender,2025
P1021,Paper 1021: Database for Networks,2016
P1022,Paper 1022: Learning for Security,2019
P1023,Paper 1023: Optimization for Optimization,2024
P1024,Paper 1024: Mining for Distributed,2024
P1025,Paper 1025: Mining for Learning,2020
P1026,Paper 1026: Graph for Security,2017
P1027,Paper 1027: Vision for Nlp,2025
P1028,Paper 1028: Graph for Networks,2018
P1029,Paper 1029: Security for Database,2016
P1030,Paper 1030: Distributed for Distributed,2020
P1031,Paper 1031: Nlp for Learning,2025
P1032,Paper 1032: Graph for Learning,2017
P1033,Paper 1033: Distributed for Mining,2018
P1034,Paper 1034: Nlp for Database,2017
P1035,Paper 1035: Security for Nlp,2020
P1036,Paper 1036: Distributed for Mining,2023
P1037,Paper 1037: Distributed for Vision,2017
P1038,Paper 1038: Recommender for Networks,2022
P1039,Paper 1039: Networks for Recommender,2022
P1040,Paper 1040: Graph for Mining,2023
P1041,Paper 1041: Nlp for Mining,2023
P1042,Paper 1042: Mining for Systems,2019
P1043,Paper 1043: Recommender for Optimization,2016
P1044,Paper 1044: Database for Distributed,2017
P1045,Paper 1045: Vision for Security,2021
P1046,Paper 1046: Learning for Vision,2025
P1047,Paper 1047: Security for Vision,2016
P1048,Paper 1048: Vision for Distributed,2022
P1049,Paper 1049: Systems for Learning,2023
P1050,Paper 1050: Mining for Database,2023
P1051,Paper 1051: Optimization for Graph,2022
P1052,Paper 1052: Systems for Vision,2024
P1053,Paper 1053: Distributed for Systems,2025
P1054,Paper 1054: Database for Nlp,2018
P1055,Paper 1055: Recommender for Learning,2018
P1056,Paper 1056: Recommender for Graph,2019
P1057,Paper 1057: Database for Distributed,2022
P1058,Paper 1058: Learning for Distributed,2022
P1059,Paper 1059: Systems for Mining,2018
P1060,Paper 1060: Optimization for Database,2021
P1061,Paper 1061: Security for Vision,2017
P1062,Paper 1062: Vision for Networks,2022
P1063,Paper 1063: Vision for Nlp,2020
P1064,Paper 1064: Optimization for Systems,2016
P1065,Paper 1065: Vision for Security,2025
P1066,Paper 1066: Security for Recommender,2017
P1067,Paper 1067: Systems for Systems,2018
P1068,Paper 1068: Database for Database,2025
P1069,Paper 1069: Database for Mining,2025
P1070,Paper 1070: Networks for Security,2024
P1071,Paper 1071: Security for Distributed,2020
P1072,Paper 1072: Systems for Systems,2023
P1073,Paper 1073: Graph for Recommender,2023
P1074,Paper 1074: Security for Recommender,2020
P1075,Paper 1075: Systems for Distributed,2025
P1076,Paper 1076: Graph for Security,2022
P1077,Paper 1077: Optimization for Learning,2021
P1078,Paper 1078: Optimization for Nlp,2016
P1079,Paper 1079: Networks for Graph,2020
P1080,Paper 1080: Mining for Mining,2021
P1081,Paper 1081: Nlp for Optimization,2020
P1082,Paper 1082: Learning for Recommender,2017
P1083,Paper 1083: Optimization for Nlp,2020
P1084,Paper 1084: Mining for Optimization,2021
P1085,Paper 1085: Systems for Distributed,2022
P1086,Paper 1086: Learning for Nlp,2017
P1087,Paper 1087: Security for Optimization,2019
P1088,Paper 1088: Vision for Networks,2023
P1089,Paper 1089: Vision for Recommender,2016
P1090,Paper 1090: Mining for Optimization,2017
P1091,Paper 1091: Security for Recommender,2024
P1092,Paper 1092: Systems for Graph,2024
P1093,Paper 1093: Learning for Learning,2018
P1094,Paper 1094: Learning for Graph,2016
P1095,Paper 1095: Graph for Networks,2023
P1096,Paper 1096: Mining for Networks,2019
P1097,Paper 1097: Vision for Security,2023
P1098,Paper 1098: Distributed for Graph,2017
P1099,Paper 1099: Networks for Nlp,2019
P1100,Paper 1100: Nlp for Recommender,2025
P1101,Paper 1101: Systems for Vision,2023
P1102,Paper 1102: Networks for Recommender,2021
P1103,Paper 1103: Optimization for Optimization,2020
P1104,Paper 1104: Mining for Graph,2017
P1105,Paper 1105: Graph for Recommender,2022
P1106,Paper 1106: Learning for Learning,2025
P1107,Paper 1107: Distributed for Learning,2019
P1108,Paper 1108: Distributed for Security,2020
P1109,Paper 1109: Graph for Distributed,2024
P1110,Paper 1110: Nlp for Recommender,2016
P1111,Paper 1111: Systems for Graph,2018
P1112,Paper 1112: Mining for Systems,2019
P1113,Paper 1113: Optimization for Optimization,2020
P1114,Paper 1114: Security for Security,2020
P1115,Paper 1115: Nlp for Mining,2021
P1116,Paper 1116: Nlp for Mining,2019
P1117,Paper 1117: Systems for Security,2024
P1118,Paper 1118: Database for Graph,2025
P1119,Paper 1119: Distributed for Networks,2024
P1120,Paper 1120: Distributed for Systems,2024
P1121,Paper 1121: Mining for Mining,2025
P1122,Paper 1122: Nlp for Database,2017
P1123,Paper 1123: Mining for Distributed,2021
P1124,Paper 1124: Mining for Mining,2021
P1125,Paper 1125: Learning for Recommender,2020
P1126,Paper 1126: Learning for Graph,2024
P1127,Paper 1127: Security for Distributed,2025
P1128,Paper 1128: Distributed for Recommender,2021
P1129,Paper 1129: Distributed for Nlp,2016
P1130,Paper 1130: Mining for Security,2020
P1131,Paper 1131: Security for Optimization,2022
P1132,Paper 1132: Systems for Optimization,2016
P1133,Paper 1133: Learning for Networks,2025
P1134,Paper 1134: Distributed for Vision,2019
P1135,Paper 1135: Distributed for Networks,2023
P1136,Paper 1136: Mining for Recommender,2024
P1137,Paper 1137: Recommender for Mining,2024
P1138,Paper 1138: Nlp for Recommender,2017
P1139,Paper 1139: Optimization for Vision,2020
P1140,Paper 1140: Distributed for Networks,2018
P1141,Paper 1141: Learning for Networks,2017
P1142,Paper 1142: Optimization for Mining,2019
P1143,Paper 1143: Networks for Networks,2022
P1144,Paper 1144: Systems for Mining,2020
P1145,Paper 1145: Database for Nlp,2023
P1146,Paper 1146: Distributed for Systems,2016
P1147,Paper 1147: Systems for Database,2025
P1148,Paper 1148: Learning for Vision,2023
P1149,Paper 1149: Distributed for Security,2017
P1150,Paper 1150: Mining for Security,2024
P1151,Paper 1151: Recommender for Recommender,2016
P1152,Paper 1152: Networks for Security,2019
P1153,Paper 1153: Nlp for Recommender,2025
P1154,Paper 1154: Optimization for Recommender,2021
P1155,Paper 1155: Nlp for Networks,2017
P1156,Paper 1156: Networks for Distributed,2018
P1157,Paper 1157: Graph for Nlp,2016
P1158,Paper 1158: Learning for Recommender,2020
P1159,Paper 1159: Recommender for Nlp,2025
P1160,Paper 1160: Recommender for Systems,2017
P1161,Paper 1161: Distributed for Security,2022
P1162,Paper 1162: Security for Nlp,2022
P1163,Paper 1163: Graph for Graph,2022
P1164,Paper 1164: Learning for Optimization,2024
P1165,Paper 1165: Graph for Networks,2021
P1166,Paper 1166: Learning for Graph,2024
P1167,Paper 1167: Distributed for Optimization,2016
P1168,Paper 1168: Learning for Optimization,2019
P1169,Paper 1169: Mining for Recommender,2021
P1170,Paper 1170: Security for Vision,2017
P1171,Paper 1171: Mining for Recommender,2025
P1172,Paper 1172: Graph for Mining,2017
P1173,Paper 1173: Nlp for Optimization,2020
P1174,Paper 1174: Systems for Vision,2024
P1175,Paper 1175: Security for Distributed,2021
P1176,Paper 1176: Networks for Nlp,2018
P1177,Paper 1177: Learning for Recommender,2021
P1178,Paper 1178: Graph for Learning,2022
P1179,Paper 1179: Optimization for Recommender,2019
P1180,Paper 1180: Optimization for Graph,2019
P1181,Paper 1181: Vision for Recommender,2025
P1182,Paper 1182: Networks for Optimization,2017
P1183,Paper 1183: Security for Distributed,2016
P1184,Paper 1184: Vision for Systems,2020
P1185,Paper 1185: Systems for Graph,2016
P1186,Paper 1186: Distributed for Graph,2017
P1187,Paper 1187: Optimization for Database,2016
P1188,Paper 1188: Nlp for Security,2022
P1189,Paper 1189: Vision for Mining,2017
P1190,Paper 1190: Optimization for Recommender,2023
P1191,Paper 1191: Optimization for Distributed,2019
P1192,Paper 1192: Mining for Security,2016
P1193,Paper 1193: Distributed for Vision,2017
P1194,Paper 1194: Systems for Systems,2020
P1195,Paper 1195: Security for Database,2018
P1196,Paper 1196: Optimization for Systems,2024
P1197,Paper 1197: Mining for Database,2017
P1198,Paper 1198: Nlp for Learning,2017
P1199,Paper 1199: Learning for Mining,2025
P1200,Paper 1200: Learning for Networks,2024
P1201,Paper 1201: Mining for Recommender,2022
P1202,Paper 1202: Vision for Nlp,2016
P1203,Paper 1203: Optimization for Nlp,2019
P1204,Paper 1204: Learning for Graph,2021
P1205,Paper 1205: Distributed for Database,2016
P1206,Paper 1206: Systems for Distributed,2017
P1207,Paper 1207: Recommender for Database,2023
P1208,Paper 1208: Database for Optimization,2024
P1209,Paper 1209: Mining for Distributed,2017
P1210,Paper 1210: Nlp for Mining,2019
P1211,Paper 1211: Nlp for Graph,2020
P1212,Paper 1212: Recommender for Graph,2017
P1213,Paper 1213: Networks for Distributed,2020
P1214,Paper 1214: Security for Optimization,2021
P1215,Paper 1215: Database for Graph,2017
P1216,Paper 1216: Recommender for Distributed,2016
P1217,Paper 1217: Networks for Networks,2018
P1218,Paper 1218: Systems for Mining,2023
P1219,Paper 1219: Networks for Networks,2017
P1220,Paper 1220: Database for Security,2018
P1221,Paper 1221: Nlp for Mining,2022
P1222,Paper 1222: Optimization for Nlp,2022
P1223,Paper 1223: Distributed for Recommender,2022
P1224,Paper 1224: Recommender for Optimization,2017
P1225,Paper 1225: Recommender for Database,2016
P1226,Paper 1226: Systems for Nlp,2022
P1227,Paper 1227: Distributed for Nlp,2025
P1228,Paper 1228: Systems for Security,2018
P1229,Paper 1229: Systems for Graph,2021
P1230,Paper 1230: Nlp for Nlp,2018
P1231,Paper 1231: Security for Nlp,2017
P1232,Paper 1232: Database for Mining,2016
P1233,Paper 1233: Graph for Optimization,2021
P1234,Paper 1234: Optimization for Systems,2024
P1235,Paper 1235: Learning for Distributed,2025
P1236,Paper 1236: Vision for Vision,2021
P1237,Paper 1237: Database for Security,2025
P1238,Paper 1238: Nlp for Networks,2019
P1239,Paper 1239: Recommender for Vision,2022
P1240,Paper 1240: Graph for Graph,2025
P1241,Paper 1241: Vision for Nlp,2018
P1242,Paper 1242: Recommender for Database,2023
P1243,Paper 1243: Networks for Learning,2023
P1244,Paper 1244: Mining for Graph,2021
P1245,Paper 1245: Learning for Vision,2024
P1246,Paper 1246: Security for Learning,2022
P1247,Paper 1247: Nlp for Nlp,2017
P1248,Paper 1248: Nlp for Database,2025
P1249,Paper 1249: Nlp for Networks,2023
P1250,Paper 1250: Nlp for Optimization,2017
P1251,Paper 1251: Database for Security,2016
P1252,Paper 1252: Graph for Vision,2022
P1253,Paper 1253: Graph for Database,2024
P1254,Paper 1254: Systems for Distributed,2025
P1255,Paper 1255: Vision for Vision,2020
P1256,Paper 1256: Distributed for Distributed,2019
P1257,Paper 1257: Networks for Networks,2023
P1258,Paper 1258: Learning for Nlp,2016
P1259,Paper 1259: Vision for Systems,2021
P1260,Paper 1260: Nlp for Optimization,2025
P1261,Paper 1261: Optimization for Nlp,2021
P1262,Paper 1262: Database for Distributed,2017
P1263,Paper 1263: Graph for Networks,2019
P1264,Paper 1264: Distributed for Mining,2021
P1265,Paper 1265: Vision for Networks,2024
P1266,Paper 1266: Graph for Recommender,2017
P1267,Paper 1267: Recommender for Optimization,2023
P1268,Paper 1268: Database for Mining,2022
P1269,Paper 1269: Learning for Learning,2025
P1270,Paper 1270: Security for Learning,2017
P1271,Paper 1271: Learning for Optimization,2023
P1272,Paper 1272: Database for Security,2021
P1273,Paper 1273: Distributed for Distributed,2016
P1274,Paper 1274: Database for Nlp,2025
P1275,Paper 1275: Distributed for Systems,2023
P1276,Paper 1276: Recommender for Nlp,2024
P1277,Paper 1277: Vision for Optimization,2016
P1278,Paper 1278: Vision for Security,2016
P1279,Paper 1279: Nlp for Vision,2025
P1280,Paper 1280: Optimization for Systems,2018
P1281,Paper 1281: Optimization for Recommender,2018
P1282,Paper 1282: Security for Distributed,2017
P1283,Paper 1283: Systems for Networks,2025
P1284,Paper 1284: Security for Security,2024
P1285,Paper 1285: Optimization for Learning,2025
P1286,Paper 1286: Security for Networks,2020
P1287,Paper 1287: Nlp for Recommender,2020
P1288,Paper 1288: Security for Systems,2018
P1289,Paper 1289: Mining for Optimization,2024
P1290,Paper 1290: Networks for Optimization,2024
P1291,Paper 1291: Distributed for Learning,2024
P1292,Paper 1292: Learning for Systems,2019
P1293,Paper 1293: Distributed for Networks,2020
P1294,Paper 1294: Optimization for Distributed,2018
P1295,Paper 1295: Vision for Vision,2018
P1296,Paper 1296: Optimization for Database,2021
P1297,Paper 1297: Vision for Nlp,2021
P1298,Paper 1298: Systems for Distributed,2025
P1299,Paper 1299: Distributed for Optimization,2022
P1300,Paper 1300: Mining for Security,2024
P1301,Paper 1301: Vision for Database,2016
P1302,Paper 1302: Security for Recommender,2016
P1303,Paper 1303: Distributed for Graph,2016
P1304,Paper 1304: Mining for Recommender,2019
P1305,Paper 1305: Distributed for Mining,2020
P1306,Paper 1306: Graph for Optimization,2018
P1307,Paper 1307: Learning for Vision,2020
P1308,Paper 1308: Networks for Nlp,2016
P1309,Paper 1309: Systems for Distributed,2017
P1310,Paper 1310: Learning for Optimization,2024
P1311,Paper 1311: Security for Learning,2024
P1312,Paper 1312: Optimization for Mining,2024
P1313,Paper 1313: Security for Security,2016
P1314,Paper 1314: Distributed for Networks,2022
P1315,Paper 1315: Graph for Graph,2024
P1316,Paper 1316: Learning for Systems,2020
P1317,Paper 1317: Learning for Distributed,2023
P1318,Paper 1318: Systems for Vision,2021
P1319,Paper 1319: Learning for Optimization,2025
P1320,Paper 1320: Mining for Nlp,2019
P1321,Paper 1321: Distributed for Database,2018
P1322,Paper 1322: Recommender for Optimization,2018
P1323,Paper 1323: Database for Security,2024
P1324,Paper 1324: Security for Mining,2016
P1325,Paper 1325: Mining for Recommender,2024
P1326,Paper 1326: Systems for Mining,2018
P1327,Paper 1327: Networks for Nlp,2016
P1328,Paper 1328: Graph for Recommender,2018
P1329,Paper 1329: Systems for Graph,2021
P1330,Paper 1330: Distributed for Mining,2025
P1331,Paper 1331: Systems for Vision,2023
P1332,Paper 1332: Database for Optimization,2021
P1333,Paper 1333: Vision for Learning,2021
P1334,Paper 1334: Vision for Database,2018
P1335,Paper 1335: Recommender for Security,2024
P1336,Paper 1336: Vision for Security,2024
P1337,Paper 1337: Networks for Learning,2017
P1338,Paper 1338: Distributed for Networks,2019
P1339,Paper 1339: Networks for Mining,2021
P1340,Paper 1340: Systems for Vision,2019
P1341,Paper 1341: Vision for Distributed,2023
P1342,Paper 1342: Database for Distributed,2016
P1343,Paper 1343: Nlp for Learning,2021
P1344,Paper 1344: Systems for Learning,2025
P1345,Paper 1345: Distributed for Networks,2016
P1346,Paper 1346: Database for Security,2022
P1347,Paper 1347: Vision for Optimization,2020
P1348,Paper 1348: Graph for Vision,2020
P1349,Paper 1349: Vision for Vision,2021
P1350,Paper 1350: Nlp for Graph,2023
P1351,Paper 1351: Distributed for Learning,2020
P1352,Paper 1352: Vision for Database,2021
P1353,Paper 1353: Recommender for Vision,2017
P1354,Paper 1354: Graph for Distributed,2024
P1355,Paper 1355: Learning for Distributed,2017
P1356,Paper 1356: Distributed for Security,2019
P1357,Paper 1357: Learning for Vision,2017
P1358,Paper 1358: Distributed for Database,2022
P1359,Paper 1359: Graph for Nlp,2018
P1360,Paper 1360: Graph for Database,2021
P1361,Paper 1361: Graph for Recommender,2017
P1362,Paper 1362: Vision for Database,2020
P1363,Paper 1363: Learning for Mining,2025
P1364,Paper 1364: Security for Nlp,2022
P1365,Paper 1365: Security for Networks,2022
P1366,Paper 1366: Security for Distributed,2016
P1367,Paper 1367: Vision for Graph,2017
P1368,Paper 1368: Database for Optimization,2025
P1369,Paper 1369: Graph for Optimization,2025
P1370,Paper 1370: Networks for Vision,2017
P1371,Paper 1371: Mining for Distributed,2017
P1372,Paper 1372: Systems for Database,2020
P1373,Paper 1373: Nlp for Security,2020
P1374,Paper 1374: Distributed for Graph,2022
P1375,Paper 1375: Recommender for Vision,2023
P1376,Paper 1376: Recommender for Optimization,2019
P1377,Paper 1377: Vision for Mining,2022
P1378,Paper 1378: Mining for Distributed,2018
P1379,Paper 1379: Graph for Vision,2021
P1380,Paper 1380: Recommender for Database,2024
P1381,Paper 1381: Graph for Systems,2016
P1382,Paper 1382: Security for Vision,2025
P1383,Paper 1383: Database for Mining,2024
P1384,Paper 1384: Optimization for Optimization,2019
P1385,Paper 1385: Learning for Security,2021
P1386,Paper 1386: Recommender for Recommender,2024
P1387,Paper 1387: Learning for Systems,2018
P1388,Paper 1388: Learning for Database,2020
P1389,Paper 1389: Distributed for Systems,2018
P1390,Paper 1390: Vision for Nlp,2016
P1391,Paper 1391: Database for Mining,2024
P1392,Paper 1392: Mining for Database,2017
P1393,Paper 1393: Optimization for Systems,2019
P1394,Paper 1394: Networks for Networks,2023
P1395,Paper 1395: Distributed for Distributed,2018
P1396,Paper 1396: Database for Mining,2019
P1397,Paper 1397: Database for Learning,2025
P1398,Paper 1398: Nlp for Nlp,2021
P1399,Paper 1399: Systems for Distributed,2021
P1400,Paper 1400: Optimization for Systems,2020
P1401,Paper 1401: Systems for Systems,2018
P1402,Paper 1402: Networks for Security,2021
P1403,Paper 1403: Graph for Networks,2018
P1404,Paper 1404: Learning for Optimization,2019
P1405,Paper 1405: Mining for Networks,2022
P1406,Paper 1406: Distributed for Optimization,2018
P1407,Paper 1407: Nlp for Nlp,2021
P1408,Paper 1408: Networks for Mining,2023
P1409,Paper 1409: Vision for Database,2023
P1410,Paper 1410: Distributed for Systems,2018
P1411,Paper 1411: Mining for Recommender,2017
P1412,Paper 1412: Learning for Mining,2024
P1413,Paper 1413: Optimization for Database,2017
P1414,Paper 1414: Vision for Distributed,2016
P1415,Paper 1415: Systems for Systems,2016
P1416,Paper 1416: Systems for Learning,2022
P1417,Paper 1417: Vision for Mining,2016
P1418,Paper 1418: Vision for Nlp,2024
P1419,Paper 1419: Networks for Security,2018
P1420,Paper 1420: Systems for Optimization,2019
P1421,Paper 1421: Recommender for Nlp,2020
P1422,Paper 1422: Vision for Database,2024
P1423,Paper 1423: Networks for Vision,2022
P1424,Paper 1424: Distributed for Learning,2016
P1425,Paper 1425: Distributed for Recommender,2025
P1426,Paper 1426: Recommender for Nlp,2024
P1427,Paper 1427: Recommender for Systems,2018
P1428,Paper 1428: Distributed for Recommender,2025
P1429,Paper 1429: Networks for Graph,2023
P1430,Paper 1430: Nlp for Learning,2019
P1431,Paper 1431: Mining for Networks,2017
P1432,Paper 1432: Graph for Distributed,2019
P1433,Paper 1433: Vision for Networks,2019
P1434,Paper 1434: Nlp for Nlp,2022
P1435,Paper 1435: Graph for Distributed,2016
P1436,Paper 1436: Database for Optimization,2021
P1437,Paper 1437: Distributed for Mining,2024
P1438,Paper 1438: Systems for Vision,2020
P1439,Paper 1439: Recommender for Security,2025
P1440,Paper 1440: Networks for Systems,2022
P1441,Paper 1441: Vision for Mining,2017
P1442,Paper 1442: Learning for Vision,2022
P1443,Paper 1443: Networks for Networks,2022
P1444,Paper 1444: Nlp for Systems,2023
P1445,Paper 1445: Vision for Recommender,2016
P1446,Paper 1446: Recommender for Learning,2023
P1447,Paper 1447: Vision for Distributed,2017
P1448,Paper 1448: Learning for Recommender,2020
P1449,Paper 1449: Recommender for Networks,2018
P1450,Paper 1450: Optimization for Database,2025
P1451,Paper 1451: Security for Networks,2019
P1452,Paper 1452: Nlp for Distributed,2017
P1453,Paper 1453: Nlp for Learning,2023
P1454,Paper 1454: Recommender for Distributed,2025
P1455,Paper 1455: Graph for Learning,2022
P1456,Paper 1456: Recommender for Systems,2016
P1457,Paper 1457: Recommender for Recommender,2025
P1458,Paper 1458: Graph for Systems,2024
P1459,Paper 1459: Graph for Recommender,2018
P1460,Paper 1460: Recommender for Vision,2020
P1461,Paper 1461: Systems for Systems,2022
P1462,Paper 1462: Optimization for Optimization,2016
P1463,Paper 1463: Database for Learning,2020
P1464,Paper 1464: Systems for Nlp,2023
P1465,Paper 1465: Recommender for Learning,2023
P1466,Paper 1466: Systems for Recommender,2022
P1467,Paper 1467: Recommender for Systems,2025
P1468,Paper 1468: Mining for Recommender,2024
P1469,Paper 1469: Nlp for Systems,2021
P1470,Paper 1470: Database for Learning,2025
P1471,Paper 1471: Security for Recommender,2022
P1472,Paper 1472: Graph for Learning,2017
P1473,Paper 1473: Vision for Distributed,2024
P1474,Paper 1474: Recommender for Systems,2022
P1475,Paper 1475: Recommender for Nlp,2017
P1476,Paper 1476: Systems for Graph,2025
P1477,Paper 1477: Vision for Database,2024
P1478,Paper 1478: Nlp for Distributed,2017
P1479,Paper 1479: Systems for Vision,2018
P1480,Paper 1480: Distributed for Distributed,2016
P1481,Paper 1481: Vision for Security,2022
P1482,Paper 1482: Graph for Optimization,2021
P1483,Paper 1483: Security for Learning,2024
P1484,Paper 1484: Security for Networks,2023
P1485,Paper 1485: Optimization for Optimization,2025
P1486,Paper 1486: Database for Security,2025
P1487,Paper 1487: Mining for Nlp,2018
P1488,Paper 1488: Database for Mining,2019
P1489,Paper 1489: Vision for Security,2025
P1490,Paper 1490: Learning for Graph,2020
P1491,Paper 1491: Systems for Vision,2016
P1492,Paper 1492: Vision for Graph,2017
P1493,Paper 1493: Distributed for Learning,2022
P1494,Paper 1494: Security for Networks,2021
P1495,Paper 1495: Recommender for Security,2017
P1496,Paper 1496: Mining for Mining,2025
P1497,Paper 1497: Security for Systems,2024
P1498,Paper 1498: Systems for Mining,2021
P1499,Paper 1499: Learning for Security,2022
P1500,Paper 1500: Vision for Nlp,2024
